{"cameraMode":{"drawMode":0,"name":"Shaded","section":"Shading Mode"},"sceneLighting":false,"audioPlay":false,"sceneViewState":{"showFog":true,"showMaterialUpdate":false,"showSkybox":false,"showFlares":true,"showImageEffects":true,"showParticleSystems":true},"in2DMode":false,"pivot":{"x":82.4464111328125,"y":-93.0,"z":448.63592529296877},"rotation":{"x":-0.1792331486940384,"y":0.47126075625419619,"z":-0.09819299727678299,"w":-0.8580337166786194},"size":171.47303771972657,"orthographic":false}