{"cameraMode":{"drawMode":0,"name":"Shaded","section":"Shading Mode"},"sceneLighting":true,"audioPlay":false,"sceneViewState":{"showFog":true,"showMaterialUpdate":false,"showSkybox":true,"showFlares":true,"showImageEffects":true,"showParticleSystems":true},"in2DMode":false,"pivot":{"x":383.427978515625,"y":45.16798400878906,"z":88.6561279296875},"rotation":{"x":0.14179036021232606,"y":-0.5555300116539002,"z":0.09674908965826035,"w":0.8136416077613831},"size":57.78740310668945,"orthographic":false}