{"cameraMode":{"drawMode":0,"name":"Shaded","section":"Shading Mode"},"sceneLighting":false,"audioPlay":false,"sceneViewState":{"showFog":true,"showMaterialUpdate":false,"showSkybox":false,"showFlares":true,"showImageEffects":true,"showParticleSystems":true},"in2DMode":false,"pivot":{"x":0.9599990844726563,"y":-17.200000762939454,"z":-68.0},"rotation":{"x":0.4745423495769501,"y":0.13855978846549989,"z":-0.07596450299024582,"w":0.865954577922821},"size":171.4730682373047,"orthographic":false}