{"cameraMode":{"drawMode":0,"name":"Shaded","section":"Shading Mode"},"sceneLighting":false,"audioPlay":false,"sceneViewState":{"showFog":true,"showMaterialUpdate":false,"showSkybox":false,"showFlares":true,"showImageEffects":true,"showParticleSystems":true},"in2DMode":false,"pivot":{"x":-3.074154853820801,"y":1.2697277069091797,"z":3.175556182861328},"rotation":{"x":0.16044051945209504,"y":-0.8059470057487488,"z":0.25328147411346438,"w":0.5104769468307495},"size":24.02454948425293,"orthographic":false}