{"cameraMode":{"drawMode":0,"name":"Shaded","section":"Shading Mode"},"sceneLighting":false,"audioPlay":false,"sceneViewState":{"showFog":true,"showMaterialUpdate":false,"showSkybox":false,"showFlares":true,"showImageEffects":true,"showParticleSystems":true},"in2DMode":false,"pivot":{"x":-15.526278495788575,"y":-3.9545886516571047,"z":16.653213500976564},"rotation":{"x":0.09431666880846024,"y":-0.030728861689567567,"z":0.002915985882282257,"w":0.9950870275497437},"size":32.10225296020508,"orthographic":false}