{"cameraMode":{"drawMode":0,"name":"Shaded","section":"Shading Mode"},"sceneLighting":false,"audioPlay":false,"sceneViewState":{"showFog":true,"showMaterialUpdate":false,"showSkybox":false,"showFlares":true,"showImageEffects":true,"showParticleSystems":true},"in2DMode":false,"pivot":{"x":0.06777381896972656,"y":0.5324509143829346,"z":2.1712114810943605},"rotation":{"x":-0.014805050566792488,"y":0.9731897711753845,"z":-0.2199854701757431,"w":-0.0654958114027977},"size":40.93203353881836,"orthographic":false}