{"cameraMode":{"drawMode":0,"name":"Shaded","section":"Shading Mode"},"sceneLighting":false,"audioPlay":false,"sceneViewState":{"showFog":true,"showMaterialUpdate":false,"showSkybox":false,"showFlares":true,"showImageEffects":true,"showParticleSystems":true},"in2DMode":false,"pivot":{"x":9.188051223754883,"y":416.4543151855469,"z":286.7408447265625},"rotation":{"x":0.15513966977596284,"y":-0.2061310112476349,"z":0.033136237412691119,"w":0.9655949473381043},"size":22.35883140563965,"orthographic":false}